original_file	original_id	unique_id	frame	x	y	z	width_x	width_y	diff_coeff	intensity
example_trajectories.tsv	0	example_trajectories.tsv::0	0	39.699	85.792	0.8	2.636	1.518		
example_trajectories.tsv	0	example_trajectories.tsv::0	1	40.566	85.262	0.99	2.819	1.419		
example_trajectories.tsv	0	example_trajectories.tsv::0	2	40.839	83.099	0.37	2.277	1.757		
example_trajectories.tsv	0	example_trajectories.tsv::0	3	40.204	82.073	-0.13	1.911	2.093		
example_trajectories.tsv	0	example_trajectories.tsv::0	4	40.28	80.463	-0.33	1.787	2.239		
example_trajectories.tsv	0	example_trajectories.tsv::0	5	40.406	79.784	-0.43	1.723	2.321		
example_trajectories.tsv	0	example_trajectories.tsv::0	6	40.39	78.588	-0.14	1.908	2.096		
example_trajectories.tsv	0	example_trajectories.tsv::0	7	39.01	77.087	-0.07	1.955	2.046		
example_trajectories.tsv	0	example_trajectories.tsv::0	8	39.845	77.281	-0.11	1.927	2.075		
example_trajectories.tsv	0	example_trajectories.tsv::0	9	39.505	76.76	0.27	2.197	1.821		
example_trajectories.tsv	0	example_trajectories.tsv::0	10	39.871	76.325	0.03	2.02	1.98		
example_trajectories.tsv	0	example_trajectories.tsv::0	11	40.562	77.49	0.36	2.267	1.764		
example_trajectories.tsv	0	example_trajectories.tsv::0	12	39.614	77.14	0.48	2.362	1.693		
example_trajectories.tsv	0	example_trajectories.tsv::0	13	40.717	75.89	0.05	2.037	1.964		
example_trajectories.tsv	0	example_trajectories.tsv::0	14	40.635	77.024	0.18	2.13	1.878		
example_trajectories.tsv	0	example_trajectories.tsv::0	15	39.906	76.984	0.74	2.586	1.547		
example_trajectories.tsv	0	example_trajectories.tsv::0	16	40.004	76.646	0.77	2.615	1.529		
example_trajectories.tsv	0	example_trajectories.tsv::0	17	37.758	78.316	0.59	2.453	1.631		
example_trajectories.tsv	0	example_trajectories.tsv::0	18	36.844	77.749	0.92	2.747	1.456		
example_trajectories.tsv	0	example_trajectories.tsv::0	19	37.216	77.859	1.0	2.828	1.414		
example_trajectories.tsv	1	example_trajectories.tsv::1	0	35.732	19.061	-0.27	1.821	2.197		
example_trajectories.tsv	1	example_trajectories.tsv::1	1	35.501	18.724	-0.52	1.67	2.395		
example_trajectories.tsv	1	example_trajectories.tsv::1	2	37.357	18.896	-0.44	1.717	2.329		
example_trajectories.tsv	1	example_trajectories.tsv::1	3	37.284	17.007	-0.45	1.712	2.336		
example_trajectories.tsv	1	example_trajectories.tsv::1	4	37.343	19.432	-0.51	1.677	2.385		
example_trajectories.tsv	1	example_trajectories.tsv::1	5	37.64	20.556	-0.27	1.819	2.199		
example_trajectories.tsv	1	example_trajectories.tsv::1	6	39.021	19.177	-0.09	1.938	2.064		
example_trajectories.tsv	1	example_trajectories.tsv::1	7	41.177	18.202	-0.27	1.823	2.194		
example_trajectories.tsv	1	example_trajectories.tsv::1	8	39.651	18.269	-0.6	1.625	2.461		
example_trajectories.tsv	1	example_trajectories.tsv::1	9	40.117	17.498	-0.7	1.57	2.548		
example_trajectories.tsv	1	example_trajectories.tsv::1	10	40.918	16.287	-0.63	1.609	2.486		
example_trajectories.tsv	1	example_trajectories.tsv::1	11	42.204	16.542	-0.38	1.751	2.285		
example_trajectories.tsv	1	example_trajectories.tsv::1	12	42.718	16.835	-0.31	1.798	2.224		
example_trajectories.tsv	1	example_trajectories.tsv::1	13	43.059	17.123	-0.53	1.665	2.402		
example_trajectories.tsv	1	example_trajectories.tsv::1	14	44.895	17.59	-0.9	1.464	2.732		
example_trajectories.tsv	1	example_trajectories.tsv::1	15	45.541	18.73	-1.0	1.414	2.828		
example_trajectories.tsv	1	example_trajectories.tsv::1	16	46.351	20.597	-1.0	1.414	2.828		
example_trajectories.tsv	1	example_trajectories.tsv::1	17	45.609	20.521	-0.89	1.467	2.726		
example_trajectories.tsv	1	example_trajectories.tsv::1	18	45.622	21.952	-0.98	1.426	2.805		
example_trajectories.tsv	1	example_trajectories.tsv::1	19	48.299	20.898	-0.83	1.502	2.663		
example_trajectories.tsv	2	example_trajectories.tsv::2	0	83.836	39.513	-0.85	1.489	2.686		
example_trajectories.tsv	2	example_trajectories.tsv::2	1	81.764	39.806	-1.0	1.414	2.828		
example_trajectories.tsv	2	example_trajectories.tsv::2	2	80.555	40.016	-0.97	1.427	2.804		
example_trajectories.tsv	2	example_trajectories.tsv::2	3	78.992	41.498	-0.52	1.671	2.394		
example_trajectories.tsv	2	example_trajectories.tsv::2	4	79.697	42.2	-0.3	1.805	2.216		
example_trajectories.tsv	2	example_trajectories.tsv::2	5	84.966	43.505	-0.01	1.99	2.01		
example_trajectories.tsv	2	example_trajectories.tsv::2	6	83.909	43.181	-0.22	1.85	2.162		
example_trajectories.tsv	2	example_trajectories.tsv::2	7	84.021	44.12	-0.92	1.453	2.753		
example_trajectories.tsv	2	example_trajectories.tsv::2	8	83.376	45.61	-0.89	1.467	2.727		
example_trajectories.tsv	2	example_trajectories.tsv::2	9	81.902	44.611	-0.8	1.515	2.64		
example_trajectories.tsv	2	example_trajectories.tsv::2	10	84.834	45.478	-1.0	1.414	2.828		
example_trajectories.tsv	2	example_trajectories.tsv::2	11	85.089	44.394	-1.0	1.414	2.828		
example_trajectories.tsv	2	example_trajectories.tsv::2	12	85.78	45.578	-1.0	1.414	2.828		
example_trajectories.tsv	2	example_trajectories.tsv::2	13	85.322	47.993	-0.82	1.503	2.662		
example_trajectories.tsv	2	example_trajectories.tsv::2	14	88.225	49.405	-1.0	1.414	2.828		
example_trajectories.tsv	2	example_trajectories.tsv::2	15	87.563	50.012	-0.67	1.588	2.518		
example_trajectories.tsv	2	example_trajectories.tsv::2	16	83.129	48.611	-0.77	1.529	2.616		
example_trajectories.tsv	2	example_trajectories.tsv::2	17	81.423	48.009	-0.72	1.56	2.565		
example_trajectories.tsv	2	example_trajectories.tsv::2	18	83.014	48.023	-1.0	1.414	2.828		
example_trajectories.tsv	2	example_trajectories.tsv::2	19	83.646	48.118	-1.0	1.414	2.828		
example_trajectories.tsv	3	example_trajectories.tsv::3	0	40.889	62.103	0.05	2.038	1.962		
example_trajectories.tsv	3	example_trajectories.tsv::3	1	40.212	61.462	0.35	2.256	1.773		
example_trajectories.tsv	3	example_trajectories.tsv::3	2	41.19	61.796	0.63	2.485	1.61		
example_trajectories.tsv	3	example_trajectories.tsv::3	3	41.874	62.609	0.84	2.672	1.497		
example_trajectories.tsv	3	example_trajectories.tsv::3	4	43.263	61.965	1.0	2.828	1.414		
example_trajectories.tsv	3	example_trajectories.tsv::3	5	43.043	62.863	1.0	2.828	1.414		
example_trajectories.tsv	3	example_trajectories.tsv::3	6	44.463	62.886	1.0	2.828	1.414		
example_trajectories.tsv	3	example_trajectories.tsv::3	7	44.126	63.238	0.96	2.785	1.436		
example_trajectories.tsv	3	example_trajectories.tsv::3	8	43.236	65.513	0.61	2.47	1.619		
example_trajectories.tsv	3	example_trajectories.tsv::3	9	41.916	66.192	0.83	2.662	1.502		
example_trajectories.tsv	3	example_trajectories.tsv::3	10	41.998	65.455	1.0	2.828	1.414		
example_trajectories.tsv	3	example_trajectories.tsv::3	11	41.838	65.904	0.81	2.645	1.512		
example_trajectories.tsv	3	example_trajectories.tsv::3	12	42.105	65.353	0.64	2.5	1.6		
example_trajectories.tsv	3	example_trajectories.tsv::3	13	42.357	63.779	0.16	2.114	1.892		
example_trajectories.tsv	3	example_trajectories.tsv::3	14	41.576	63.547	0.27	2.194	1.823		
example_trajectories.tsv	3	example_trajectories.tsv::3	15	43.18	63.526	-0.08	1.947	2.054		
example_trajectories.tsv	3	example_trajectories.tsv::3	16	43.531	62.627	0.1	2.071	1.931		
example_trajectories.tsv	3	example_trajectories.tsv::3	17	45.197	63.377	-0.04	1.975	2.026		
example_trajectories.tsv	3	example_trajectories.tsv::3	18	45.441	63.391	-0.0	1.998	2.002		
example_trajectories.tsv	3	example_trajectories.tsv::3	19	44.6	64.968	0.33	2.24	1.786		
example_trajectories.tsv	4	example_trajectories.tsv::4	0	58.585	81.414	-0.68	1.581	2.529		
example_trajectories.tsv	4	example_trajectories.tsv::4	1	58.081	80.776	-0.64	1.603	2.495		
example_trajectories.tsv	4	example_trajectories.tsv::4	2	58.368	82.352	-0.39	1.75	2.286		
example_trajectories.tsv	4	example_trajectories.tsv::4	3	57.884	81.243	0.1	2.071	1.931		
example_trajectories.tsv	4	example_trajectories.tsv::4	4	58.874	80.849	-0.35	1.769	2.261		
example_trajectories.tsv	4	example_trajectories.tsv::4	5	60.012	80.753	-0.02	1.983	2.017		
example_trajectories.tsv	4	example_trajectories.tsv::4	6	60.016	80.792	-0.14	1.902	2.103		
example_trajectories.tsv	4	example_trajectories.tsv::4	7	60.54	80.893	-0.01	1.995	2.005		
example_trajectories.tsv	4	example_trajectories.tsv::4	8	59.251	81.966	0.08	2.057	1.945		
example_trajectories.tsv	4	example_trajectories.tsv::4	9	58.622	82.957	0.1	2.069	1.933		
example_trajectories.tsv	4	example_trajectories.tsv::4	10	58.413	83.773	0.27	2.196	1.821		
example_trajectories.tsv	4	example_trajectories.tsv::4	11	59.563	84.662	-0.2	1.868	2.142		
example_trajectories.tsv	4	example_trajectories.tsv::4	12	59.336	85.265	0.2	2.145	1.865		
example_trajectories.tsv	4	example_trajectories.tsv::4	13	59.398	83.834	0.19	2.134	1.875		
example_trajectories.tsv	4	example_trajectories.tsv::4	14	57.662	83.759	-0.16	1.892	2.114		
example_trajectories.tsv	4	example_trajectories.tsv::4	15	58.224	84.067	-0.41	1.736	2.305		
example_trajectories.tsv	4	example_trajectories.tsv::4	16	58.172	84.87	-0.67	1.585	2.524		
example_trajectories.tsv	4	example_trajectories.tsv::4	17	58.595	84.424	-0.88	1.473	2.715		
example_trajectories.tsv	4	example_trajectories.tsv::4	18	58.505	83.555	-1.0	1.414	2.828		
example_trajectories.tsv	4	example_trajectories.tsv::4	19	57.499	82.967	-0.94	1.442	2.773		
